{
  "$schema": "./show-config.schema.json",
  "name": "Default Show Configuration",
  "description": "Template configuration - replace with actual musical content",
  
  "rowCount": 8,
  
  "factions": [
    { "id": 0, "name": "Faction A", "color": "#FF6B6B" },
    { "id": 1, "name": "Faction B", "color": "#4ECDC4" },
    { "id": 2, "name": "Faction C", "color": "#FFE66D" },
    { "id": 3, "name": "Faction D", "color": "#95E1D3" }
  ],
  
  "topology": {
    "type": "theater_rows",
    "data": {
      "rowPattern": "A-Z",
      "seatsPerRow": 10,
      "comment": "Adjacency: left, right, front-left, front, front-right"
    }
  },
  
  "lobby": {
    "projectorContent": "[Insert thematic excerpt here - e.g., 'Fig Tree' passage from The Bell Jar]",
    "audiencePrompt": "What lives on your fig tree?"
  },
  
  "timing": {
    "auditionLoopsPerOption": 2,
    "auditionPerOptionMs": 10000,
    "votingWindowMs": 10000,
    "revealDurationMs": 5000,
    "coupWindowMs": 10000
  },
  
  "coup": {
    "threshold": 0.5,
    "multiplierBonus": 0.5
  },
  
  "rows": [
    {
      "index": 0,
      "label": "Foundation",
      "type": "layer",
      "options": [
        { "id": "r0-opt0", "index": 0, "audioRef": "row0/option0" },
        { "id": "r0-opt1", "index": 1, "audioRef": "row0/option1" },
        { "id": "r0-opt2", "index": 2, "audioRef": "row0/option2" },
        { "id": "r0-opt3", "index": 3, "audioRef": "row0/option3" }
      ]
    },
    {
      "index": 1,
      "label": "Layer 2",
      "type": "layer",
      "options": [
        { "id": "r1-opt0", "index": 0, "audioRef": "row1/option0" },
        { "id": "r1-opt1", "index": 1, "audioRef": "row1/option1" },
        { "id": "r1-opt2", "index": 2, "audioRef": "row1/option2" },
        { "id": "r1-opt3", "index": 3, "audioRef": "row1/option3" }
      ]
    },
    {
      "index": 2,
      "label": "Layer 3",
      "type": "layer",
      "options": [
        { "id": "r2-opt0", "index": 0, "audioRef": "row2/option0" },
        { "id": "r2-opt1", "index": 1, "audioRef": "row2/option1" },
        { "id": "r2-opt2", "index": 2, "audioRef": "row2/option2" },
        { "id": "r2-opt3", "index": 3, "audioRef": "row2/option3" }
      ]
    },
    {
      "index": 3,
      "label": "Transform",
      "type": "effect",
      "description": "Effect applied to previous layers",
      "options": [
        { "id": "r3-opt0", "index": 0, "audioRef": "row3/option0" },
        { "id": "r3-opt1", "index": 1, "audioRef": "row3/option1" },
        { "id": "r3-opt2", "index": 2, "audioRef": "row3/option2" },
        { "id": "r3-opt3", "index": 3, "audioRef": "row3/option3" }
      ]
    },
    {
      "index": 4,
      "label": "Layer 4",
      "type": "layer",
      "options": [
        { "id": "r4-opt0", "index": 0, "audioRef": "row4/option0" },
        { "id": "r4-opt1", "index": 1, "audioRef": "row4/option1" },
        { "id": "r4-opt2", "index": 2, "audioRef": "row4/option2" },
        { "id": "r4-opt3", "index": 3, "audioRef": "row4/option3" }
      ]
    },
    {
      "index": 5,
      "label": "Key Decision",
      "type": "layer",
      "description": "This row determines harmonic direction for finale grouping",
      "keyDecision": true,
      "options": [
        { "id": "r5-opt0", "index": 0, "audioRef": "row5/option0", "harmonicGroup": "A" },
        { "id": "r5-opt1", "index": 1, "audioRef": "row5/option1", "harmonicGroup": "A" },
        { "id": "r5-opt2", "index": 2, "audioRef": "row5/option2", "harmonicGroup": "B" },
        { "id": "r5-opt3", "index": 3, "audioRef": "row5/option3", "harmonicGroup": "B" }
      ]
    },
    {
      "index": 6,
      "label": "Layer 5",
      "type": "layer",
      "options": [
        { "id": "r6-opt0", "index": 0, "audioRef": "row6/option0" },
        { "id": "r6-opt1", "index": 1, "audioRef": "row6/option1" },
        { "id": "r6-opt2", "index": 2, "audioRef": "row6/option2" },
        { "id": "r6-opt3", "index": 3, "audioRef": "row6/option3" }
      ]
    },
    {
      "index": 7,
      "label": "Resolution",
      "type": "layer",
      "options": [
        { "id": "r7-opt0", "index": 0, "audioRef": "row7/option0" },
        { "id": "r7-opt1", "index": 1, "audioRef": "row7/option1" },
        { "id": "r7-opt2", "index": 2, "audioRef": "row7/option2" },
        { "id": "r7-opt3", "index": 3, "audioRef": "row7/option3" }
      ]
    }
  ]
}
